1,https://www.taihooncology.com/us/
2,https://www.taihooncology.com/
3,https://www.otsuka.com/en/ir/
4,https://www.taihooncology.com/us/science/partnering/
5,https://www.taihooncology.com/us/contact/
6,https://www.taihooncology.com/us/about/
7,https://www.taihooncology.com/us/about/leadership-team/
8,https://www.taihooncology.com/us/about/social-responsibility/
9,https://www.taihooncology.com/us/science/
10,https://www.taihooncology.com/us/science/research-development/
11,https://www.taihooncology.com/us/science/product-pipeline/
12,https://www.taihooncology.com/us/science/investigator-initiated-trials/
13,https://www.taihooncology.com/us/science/expanded-access/
14,https://www.taihooncology.com/us/products/
15,https://www.taihooncology.com/us/products/medical-information/
16,https://www.taihooncology.com/us/grants-donations/
17,https://www.taihooncology.com/us/grants-donations/continuing-medical-education/
18,https://www.taihooncology.com/us/grants-donations/charitable-contributions/
19,https://www.taihooncology.com/us/careers/
20,https://www.taihooncology.com/us/careers/corporate-culture/
21,https://www.taihooncology.com/us/careers/employee-benefits/
22,https://www.taihooncology.com/us/careers/job-postings/
23,https://www.taihooncology.com/us/news/
24,https://www.taihooncology.com/us/news/2021-11-01_stomach_cancer_awareness_month_press_release/
25,https://www.taihooncology.com/us/news/2021-09-23_astex_press_release_astx727_mos_data_presented_at_mds_international_symposium/
26,https://www.taihooncology.com/us/news/2021-09-13_toi_esmo_2021_curtain_raiser/
27,https://www.taihooncology.com/us/privacy/
28,https://www.taihooncology.com/us/terms/
29,https://taihocorp-media-release.s3.us-west-2.amazonaws.com/documents/Declaration_of_Compliance_for_California_2019.pdf
30,https://taihocorp-media-release.s3.us-west-2.amazonaws.com/documents/vermont-short-form.pdf
31,https://taihocorp-media-release.s3.us-west-2.amazonaws.com/documents/vermont-long-form.pdf
32,https://taihocorp-media-release.s3.us-west-2.amazonaws.com/documents/Tax_strategy_report.pdf
33,https://www.taihooncology.com/us/authorized-distributors/
34,https://www.taiho.co.jp/en/
35,http://www.otsuka.com/en/
1,https://www.taihooncology.com/us/
2,https://www.taihooncology.com/
3,https://www.otsuka.com/en/ir/
4,https://www.taihooncology.com/us/science/partnering/
5,https://www.taihooncology.com/us/contact/
6,https://www.taihooncology.com/us/about/
7,https://www.taihooncology.com/us/about/leadership-team/
8,https://www.taihooncology.com/us/about/social-responsibility/
9,https://www.taihooncology.com/us/science/
10,https://www.taihooncology.com/us/science/research-development/
11,https://www.taihooncology.com/us/science/product-pipeline/
12,https://www.taihooncology.com/us/science/investigator-initiated-trials/
13,https://www.taihooncology.com/us/science/expanded-access/
14,https://www.taihooncology.com/us/products/
15,https://www.taihooncology.com/us/products/medical-information/
16,https://www.taihooncology.com/us/grants-donations/
17,https://www.taihooncology.com/us/grants-donations/continuing-medical-education/
18,https://www.taihooncology.com/us/grants-donations/charitable-contributions/
19,https://www.taihooncology.com/us/careers/
20,https://www.taihooncology.com/us/careers/corporate-culture/
21,https://www.taihooncology.com/us/careers/employee-benefits/
22,https://www.taihooncology.com/us/careers/job-postings/
23,https://www.taihooncology.com/us/news/
24,https://www.taihooncology.com/us/news/2021-11-01_stomach_cancer_awareness_month_press_release/
25,https://www.taihooncology.com/us/news/2021-09-23_astex_press_release_astx727_mos_data_presented_at_mds_international_symposium/
26,https://www.taihooncology.com/us/news/2021-09-13_toi_esmo_2021_curtain_raiser/
27,https://www.taihooncology.com/us/privacy/
28,https://www.taihooncology.com/us/terms/
29,https://taihocorp-media-release.s3.us-west-2.amazonaws.com/documents/Declaration_of_Compliance_for_California_2019.pdf
30,https://taihocorp-media-release.s3.us-west-2.amazonaws.com/documents/vermont-short-form.pdf
31,https://taihocorp-media-release.s3.us-west-2.amazonaws.com/documents/vermont-long-form.pdf
32,https://taihocorp-media-release.s3.us-west-2.amazonaws.com/documents/Tax_strategy_report.pdf
33,https://www.taihooncology.com/us/authorized-distributors/
34,https://www.taiho.co.jp/en/
35,http://www.otsuka.com/en/
1,https://www.taihooncology.com/us/
2,https://www.taihooncology.com/
3,https://www.otsuka.com/en/ir/
4,https://www.taihooncology.com/us/science/partnering/
5,https://www.taihooncology.com/us/contact/
6,https://www.taihooncology.com/us/about/
7,https://www.taihooncology.com/us/about/leadership-team/
8,https://www.taihooncology.com/us/about/social-responsibility/
9,https://www.taihooncology.com/us/science/
10,https://www.taihooncology.com/us/science/research-development/
11,https://www.taihooncology.com/us/science/product-pipeline/
12,https://www.taihooncology.com/us/science/investigator-initiated-trials/
13,https://www.taihooncology.com/us/science/expanded-access/
14,https://www.taihooncology.com/us/products/
15,https://www.taihooncology.com/us/products/medical-information/
16,https://www.taihooncology.com/us/grants-donations/
17,https://www.taihooncology.com/us/grants-donations/continuing-medical-education/
18,https://www.taihooncology.com/us/grants-donations/charitable-contributions/
19,https://www.taihooncology.com/us/careers/
20,https://www.taihooncology.com/us/careers/corporate-culture/
21,https://www.taihooncology.com/us/careers/employee-benefits/
22,https://www.taihooncology.com/us/careers/job-postings/
23,https://www.taihooncology.com/us/news/
24,https://www.taihooncology.com/us/news/2021-11-01_stomach_cancer_awareness_month_press_release/
25,https://www.taihooncology.com/us/news/2021-09-23_astex_press_release_astx727_mos_data_presented_at_mds_international_symposium/
26,https://www.taihooncology.com/us/news/2021-09-13_toi_esmo_2021_curtain_raiser/
27,https://www.taihooncology.com/us/privacy/
28,https://www.taihooncology.com/us/terms/
29,https://taihocorp-media-release.s3.us-west-2.amazonaws.com/documents/Declaration_of_Compliance_for_California_2019.pdf
30,https://taihocorp-media-release.s3.us-west-2.amazonaws.com/documents/vermont-short-form.pdf
31,https://taihocorp-media-release.s3.us-west-2.amazonaws.com/documents/vermont-long-form.pdf
32,https://taihocorp-media-release.s3.us-west-2.amazonaws.com/documents/Tax_strategy_report.pdf
33,https://www.taihooncology.com/us/authorized-distributors/
34,https://www.taiho.co.jp/en/
35,http://www.otsuka.com/en/
1,https://www.taihooncology.com/us/
2,https://www.taihooncology.com/
3,https://www.otsuka.com/en/ir/
4,https://www.taihooncology.com/us/science/partnering/
5,https://www.taihooncology.com/us/contact/
6,https://www.taihooncology.com/us/about/
7,https://www.taihooncology.com/us/about/leadership-team/
8,https://www.taihooncology.com/us/about/social-responsibility/
9,https://www.taihooncology.com/us/science/
10,https://www.taihooncology.com/us/science/research-development/
11,https://www.taihooncology.com/us/science/product-pipeline/
12,https://www.taihooncology.com/us/science/investigator-initiated-trials/
13,https://www.taihooncology.com/us/science/expanded-access/
14,https://www.taihooncology.com/us/products/
15,https://www.taihooncology.com/us/products/medical-information/
16,https://www.taihooncology.com/us/grants-donations/
17,https://www.taihooncology.com/us/grants-donations/continuing-medical-education/
18,https://www.taihooncology.com/us/grants-donations/charitable-contributions/
19,https://www.taihooncology.com/us/careers/
20,https://www.taihooncology.com/us/careers/corporate-culture/
21,https://www.taihooncology.com/us/careers/employee-benefits/
22,https://www.taihooncology.com/us/careers/job-postings/
23,https://www.taihooncology.com/us/news/
24,https://www.taihooncology.com/us/news/2021-11-01_stomach_cancer_awareness_month_press_release/
25,https://www.taihooncology.com/us/news/2021-09-23_astex_press_release_astx727_mos_data_presented_at_mds_international_symposium/
26,https://www.taihooncology.com/us/news/2021-09-13_toi_esmo_2021_curtain_raiser/
27,https://www.taihooncology.com/us/privacy/
28,https://www.taihooncology.com/us/terms/
29,https://taihocorp-media-release.s3.us-west-2.amazonaws.com/documents/Declaration_of_Compliance_for_California_2019.pdf
30,https://taihocorp-media-release.s3.us-west-2.amazonaws.com/documents/vermont-short-form.pdf
31,https://taihocorp-media-release.s3.us-west-2.amazonaws.com/documents/vermont-long-form.pdf
32,https://taihocorp-media-release.s3.us-west-2.amazonaws.com/documents/Tax_strategy_report.pdf
33,https://www.taihooncology.com/us/authorized-distributors/
34,https://www.taiho.co.jp/en/
35,http://www.otsuka.com/en/
